customer_id,first_name,last_name,age,gender,city,state,registration_date,annual_income,total_orders,created_timestamp
C001,Danielle,Johnson,58,Male,Johnberg,WA,2023-10-17,,9,2025-08-04 03:14:23
C002,Joy,Gardner,32,Male,Johnsonland,IL,2024-01-21,56062,18,2025-08-04 03:14:23
C003,Carolyn,Hoffman,31,Female,Robinsonshire,,2025-03-17,43396,3,2025-08-04 03:14:23
C004,Adam,Shaffer,23,Female,Petersonberg,IL,2025-07-03,77400,19,2025-08-04 03:14:23
C005,Matthew,Davis,47,Female,West Melanieview,AS,2023-09-04,51319,12,2025-08-04 03:14:23
C006,Stephen,Martinez,47,Female,Millerport,MP,2024-11-05,65382,18,2025-08-04 03:14:23
C007,Nicole,Ward,54,Female,Lake Chad,TN,2024-01-17,57869,16,2025-08-04 03:14:23
C008,Keith,Miller,55,Female,Port Craig,KY,2024-06-30,77447,8,2025-08-04 03:14:23
C009,Mary,Martin,56,Male,Jasonview,UT,2025-06-18,80432,13,2025-08-04 03:14:23
C010,Deborah,Lynch,35,Female,New Jessica,GA,2024-07-06,44621,10,2025-08-04 03:14:23
C011,Joseph,Schaefer,58,Female,Lake Mark,WI,2025-02-21,96540,20,2025-08-04 03:14:23
,Jeremy,Johnson,25,Female,Richardland,IL,2025-06-01,70306,8,2025-08-04 03:14:23
C013,Ashley,Robbins,26,Female,Lake Victor,FM,2025-06-02,51643,9,2025-08-04 03:14:23
C014,Stephen,Baker,60,Female,,KS,2025-01-31,,17,2025-08-04 03:14:23
C015,Ross,Silva,21,Male,Jeffreyberg,NY,2024-07-29,38834,2,2025-08-04 03:14:23
C016,Katelyn,Callahan,48,Male,Lake Ernest,TX,2024-06-07,91993,14,2025-08-04 03:14:23
C017,Bryan,James,24,Male,Riceside,VI,2025-06-22,82772,11,2025-08-04 03:14:23
C018,Erin,Wilson,22,M,Kaylamouth,DE,2024-03-05,42833,2,2025-08-04 03:14:23
,Eric,Smith,43,Male,Teresaburgh,NY,2025-06-01,51579,13,2025-08-04 03:14:23
C020,Monica,Evans,60,Female,East Nathaniel,GA,2024-09-01,50289,7,2025-08-04 03:14:23
,Kimberly,Moreno,51,Male,New Mariotown,DE,2025-06-13,37455,17,2025-08-04 03:14:23
C022,Natasha,Decker,56,Male,Johnbury,FM,2024-09-21,40745,14,2025-08-04 03:14:23
C023,Christian,Dennis,59,Other,Port Amandaberg,DC,2024-11-28,89929,11,2025-08-04 03:14:23
C024,Stacey,Martin,40,Male,Brandtside,WV,2025-01-18,62018,12,2025-08-04 03:14:23
C025,James,Collins,53,Female,Samuelhaven,NV,2023-10-31,43577,5,2025-08-04 03:14:23
,Jeffrey,Morgan,34,Female,,CA,2025-01-02,62914,2,2025-08-04 03:14:23
,Brian,Jones,53,Female,Port Markhaven,IA,2024-02-23,31267,4,2025-08-04 03:14:23
C028,Todd,Ryan,37,Female,Sanchezfort,AS,2024-05-27,35229,12,2025-08-04 03:14:23
,Clinton,Hopkins,33,Male,Rodneymouth,VI,2025-01-17,53206,14,2025-08-04 03:14:23
C030,Emily,Joyce,62,Male,North Richardmouth,AS,2025-04-24,80140,,2025-08-04 03:14:23
C031,John,Lee,30,Female,Taylorburgh,KY,2024-07-07,73025,9,2025-08-04 03:14:23
C032,Nancy,Jones,25,Female,North Deniseside,MP,2023-08-14,53405,19,2025-08-04 03:14:23
C033,Christopher,Molina,105,Male,East Richard,NJ,2024-01-07,63386,2,2025-08-04 03:14:23
C034,Richard,Brown,39,Female,Smithfurt,KS,2025-06-11,46334,10,2025-08-04 03:14:23
C035,Kristen,Mitchell,0,Male,Mooreport,IL,2025-07-12,69446,13,2025-08-04 03:14:23
C036,Beth,Daniels,50,Female,Brianshire,NJ,2024-08-05,52241,3,2025-08-04 03:14:23
C037,Melissa,Moore,27,Male,Port Jacobland,TX,2025-04-24,36057,8,2025-08-04 03:14:23
C038,Richard,David,43,Male,New Brooke,RI,2023-10-02,49342,1,2025-08-04 03:14:23
C039,Diane,Cunningham,53,Male,Sarahborough,TN,2025-01-08,45906,15,2025-08-04 03:14:23
C040,John,Foster,50,Female,Stephenland,AL,2024-07-04,88446,6,2025-08-04 03:14:23
C041,Yolanda,Ferrell,35,Female,New Jasonview,DC,2025-06-16,40155,10,2025-08-04 03:14:23
C042,Nicole,Suarez,44,Female,Justinmouth,MP,2024-09-04,,18,2025-08-04 03:14:23
C043,Kevin,Riggs,54,Female,Lake Lisaport,TN,2023-10-18,92518,1,2025-08-04 03:14:23
C044,Natalie,Baker,0,Female,Lake Angelaview,LA,2024-10-19,58760,9,2025-08-04 03:14:23
C045,Jennifer,Harris,105,Male,Williamview,MH,2025-05-28,81645,19,2025-08-04 03:14:23
C046,Brent,Walters,39,Other,Bradleymouth,WI,2023-11-07,66471,14,2025-08-04 03:14:23
C047,Tina,Martin,20,Male,Arnoldchester,OH,2023-08-11,62411,7,2025-08-04 03:14:23
C048,Charles,Ware,41,m,New Barry,MN,2024-10-02,45012,6,2025-08-04 03:14:23
C049,Earl,Anderson,55,Male,Michaelton,MH,2024-04-21,43356,10,2025-08-04 03:14:23
C050,Evelyn,Estrada,50,Female,Kimberlychester,RI,2025-02-01,31658,14,2025-08-04 03:14:23
C051,Sara,Young,59,Female,Port Lisa,FM,2024-05-31,93372,15,2025-08-04 03:14:23
C052,Harry,Middleton,47,Female,Phambury,KY,2023-11-28,74092,1,2025-08-04 03:14:23
,Jacqueline,Reyes,53,Male,Port Thomasborough,GU,2025-06-05,97715,7,2025-08-04 03:14:23
C054,Michael,Hoover,23,Female,East Andrew,ID,2024-05-21,59045,13,2025-08-04 03:14:23
C055,Joshua,Jones,62,Female,Michaelhaven,MO,2024-12-12,65509,10,2025-08-04 03:14:23
C056,Megan,Rivera,48,Female,North Natalieview,HI,invalid_date,98765,20,2025-08-04 03:14:23
C057,Tonya,Johnson,0,Female,Reedmouth,NE,2024-10-20,46551,16,2025-08-04 03:14:23
C058,William,Cruz,22,Female,West Bradley,NE,2023-08-05,94454,3,2025-08-04 03:14:23
C059,Sara,Ryan,44,Male,West Ryan,TN,2025-06-07,98494,13,2025-08-04 03:14:23
C060,Cindy,Alvarado,31,Male,,ME,2024-12-03,64687,3,2025-08-04 03:14:23
C061,Mark,Terry,63,Female,East Robert,MS,2024-12-11,89510,3,2025-08-04 03:14:23
,Raven,Gilbert,59,Male,Richardtown,ME,2024-02-29,64816,5,2025-08-04 03:14:23
C063,Russell,Carpenter,62,Female,Stevenmouth,TX,2024-01-07,,17,2025-08-04 03:14:23
,Thomas,Santana,61,Male,Lake Christopher,NY,2024-12-01,65325,19,2025-08-04 03:14:23
C065,Christine,Davis,49,Male,Lake Lance,AS,2023-12-27,91605,12,2025-08-04 03:14:23
C066,Andrew,Sanchez,53,Male,Carrland,NH,2024-06-01,89614,3,2025-08-04 03:14:23
C067,Crystal,Lee,44,Male,Snyderbury,FL,2024-11-25,54586,17,2025-08-04 03:14:23
C068,Adam,Potter,62,Female,Port Ronaldburgh,AS,2025-07-04,45915,1,2025-08-04 03:14:23
C069,April,Williams,25,Female,Port David,DC,2025-03-11,45396,5,2025-08-04 03:14:23
C070,Elizabeth,Travis,42,Male,Stephaniemouth,RI,2025-03-21,96616,5,2025-08-04 03:14:23
C071,Patricia,Simmons,37,Female,Merrittfort,NV,2024-02-09,49476,15,2025-08-04 03:14:23
,John,Walsh,54,Female,Simsview,NV,2023-09-29,60613,14,2025-08-04 03:14:23
C073,Justin,Nelson,49,Male,Patricialand,DC,2023-11-22,,17,2025-08-04 03:14:23
C074,Patrick,Hernandez,59,Male,North Robert,MA,2024-09-03,39807,16,2025-08-04 03:14:23
,Robert,Clark,38,Female,Priceshire,UT,2023-08-18,34705,20,2025-08-04 03:14:23
C076,Nicole,Johnston,-5,Female,Smithstad,ME,2025-02-04,51805,10,2025-08-04 03:14:23
C077,Melissa,Ashley,28,Male,Medinaside,AS,2024-10-17,40350,20,2025-08-04 03:14:23
C078,Jeffrey,Robinson,18,Female,Tuckerfurt,MA,2024-12-04,67700,18,2025-08-04 03:14:23
C079,Lauren,Ramsey,30,Female,Calhounside,AK,2025-05-27,93335,4,2025-08-04 03:14:23
C080,Brittany,Alvarado,54,Male,Lake Roymouth,HI,2023-09-09,95107,10,2025-08-04 03:14:23
C081,Nicholas,Lewis,61,Male,Matthewfurt,KY,2025-02-03,42735,2,2025-08-04 03:14:23
C082,Marie,King,26,Female,South Andrewside,AR,2025-08-03,99579,17,2025-08-04 03:14:23
C083,Michael,Santos,25,Female,Port Anthonybury,ID,2025-04-08,39869,5,2025-08-04 03:14:23
C084,Christine,Allen,43,Male,Caldwellshire,IL,2024-07-08,64663,18,2025-08-04 03:14:23
C085,Jonathan,Wood,48,Male,Port Loriport,CT,2024-09-30,72992,20,2025-08-04 03:14:23
C086,Sarah,Johnston,37,Female,Sandersborough,CA,2024-10-09,45220,4,2025-08-04 03:14:23
C087,Maria,Sanchez,64,Male,Melissaville,WY,2025-07-23,84379,4,2025-08-04 03:14:23
C088,Kimberly,Reed,41,Male,Stanleyland,NY,2024-11-19,78147,18,2025-08-04 03:14:23
C089,Alexander,Fisher,31,Male,Garciastad,SC,2025-05-16,36629,11,2025-08-04 03:14:23
C090,Steve,Hernandez,39,Male,Lake Aimee,SD,2024-02-17,,,2025-08-04 03:14:23
C091,Lindsey,Medina,33,Female,Marshallshire,KY,2024-03-26,32068,6,2025-08-04 03:14:23
C092,John,Michael,46,f,Nicolebury,WV,2024-07-08,35683,17,2025-08-04 03:14:23
C093,Cheryl,Gray,23,Female,South Melissaburgh,NM,2024-01-06,49442,3,2025-08-04 03:14:23
C094,Lauren,Peterson,45,Male,Angelahaven,ID,2023-10-05,44996,18,2025-08-04 03:14:23
C095,Jennifer,Freeman,45,Female,Lake Thomas,VT,2024-07-27,63408,12,2025-08-04 03:14:23
C096,Laura,Davis,26,Male,South Heather,ME,2024-12-01,73207,4,2025-08-04 03:14:23
C097,Miguel,Tran,24,Male,Ronaldside,MA,2024-04-17,50280,16,2025-08-04 03:14:23
C098,Shawn,Parker,57,Male,North Jennifer,,2023-10-30,65054,1,2025-08-04 03:14:23
C099,Amanda,Gill,27,Male,East Javier,NJ,2024-02-22,42026,17,2025-08-04 03:14:23
,Brittany,Wolf,21,Male,Tinaborough,LA,2024-01-17,50632,20,2025-08-04 03:14:23
