product_id,product_name,category,brand,price,created_timestamp
P001,Country Mouse,Home Appliances,,290.41,2025-08-04 03:14:23
P002,Five Laptop,Electronics,BrandE,945.87,2025-08-04 03:14:23
P003,Address Tablet,Home Appliances,BrandD,-50,2025-08-04 03:14:23
P004,Section Webcam,Electronics,BrandF,0,2025-08-04 03:14:23
P005,None Tablet,Accessories,BrandH,833.71,2025-08-04 03:14:23
P006,Card Headphones,Home Appliances,BrandF,229.36,2025-08-04 03:14:23
P007,Eye Mouse,Accessories,BrandC,243.91,2025-08-04 03:14:23
P008,Answer Webcam,Home Appliances,BrandH,684.32,2025-08-04 03:14:23
P009,Arm Webcam,Electronics,BrandH,447.79,2025-08-04 03:14:23
P010,On Laptop,Home Appliances,BrandE,85.96,2025-08-04 03:14:23
P011,Final Laptop,Home Appliances,BrandD,328.31,2025-08-04 03:14:23
P012,Save Smartphone,Accessories,BrandC,48.75,2025-08-04 03:14:23
,Yet Headphones,Home Appliances,BrandF,682.11,2025-08-04 03:14:23
P014,Card Keyboard,Accessories,BrandC,340.03,2025-08-04 03:14:23
P015,Pull Smartphone,Home Appliances,BrandG,647.06,2025-08-04 03:14:23
,Trouble Smartphone,Accessories,BrandG,513.4,2025-08-04 03:14:23
P017,Soldier Tablet,Electronics,BrandB,302.83,2025-08-04 03:14:23
P018,Military Tablet,Accessories,BrandG,,2025-08-04 03:14:23
P019,Board Mouse,Accessories,BrandD,969.89,2025-08-04 03:14:23
P020,Turn Webcam,Electronics,BrandF,681.52,2025-08-04 03:14:23
,Actually Tablet,Electronics,BrandC,874.27,2025-08-04 03:14:23
P022,Painting Smartphone,Home Appliances,BrandB,765.49,2025-08-04 03:14:23
P023,Feel Webcam,Home Appliances,BrandA,420.75,2025-08-04 03:14:23
P024,Manager Smartphone,Accessories,BrandF,793.47,2025-08-04 03:14:23
,Measure Webcam,Accessories,BrandA,906.8,2025-08-04 03:14:23
P026,Let Keyboard,Electronics,BrandE,130.63,2025-08-04 03:14:23
P027,,Electronics,BrandD,721.36,2025-08-04 03:14:23
P028,Create Charger,Home Appliances,,,2025-08-04 03:14:23
P029,Approach Headphones,Home Appliances,BrandE,749.84,2025-08-04 03:14:23
P030,Entire Mouse,Electronics,BrandA,358.78,2025-08-04 03:14:23
P031,,Electronics,BrandB,718.88,2025-08-04 03:14:23
P032,Training Keyboard,Accessories,BrandG,989.23,2025-08-04 03:14:23
P033,Mean Mouse,Home Appliances,BrandB,801.35,2025-08-04 03:14:23
P034,Build Webcam,Home Appliances,BrandE,803.14,2025-08-04 03:14:23
P035,Term Smartphone,Home Appliances,BrandE,0,2025-08-04 03:14:23
P036,Attention Headphones,Home Appliances,BrandA,84.29,2025-08-04 03:14:23
P037,Institution Webcam,Electronics,BrandC,76.56,2025-08-04 03:14:23
P038,Million Mouse,Home Appliances,BrandH,765.45,2025-08-04 03:14:23
P039,Back Tablet,Home Appliances,BrandG,914.41,2025-08-04 03:14:23
,Part Webcam,Electronics,BrandB,144.37,2025-08-04 03:14:23
P041,Professional Mouse,Accessories,BrandF,712.45,2025-08-04 03:14:23
P042,Rich Tablet,Home Appliances,,130.15,2025-08-04 03:14:23
P043,Argue Charger,Electronics,BrandB,75.09,2025-08-04 03:14:23
P044,Civil Tablet,Home Appliances,BrandB,455.47,2025-08-04 03:14:23
P045,Church Tablet,Home Appliances,BrandA,833.08,2025-08-04 03:14:23
P046,Talk Charger,Home Appliances,BrandB,258.1,2025-08-04 03:14:23
P047,Order Tablet,Accessories,BrandC,-50,2025-08-04 03:14:23
P048,Fly Smartphone,Electronics,BrandE,654.62,2025-08-04 03:14:23
P049,Bed Keyboard,Home Appliances,BrandD,806.64,2025-08-04 03:14:23
P050,Energy Monitor,Home Appliances,BrandC,319.46,2025-08-04 03:14:23
P051,By Charger,Electronics,BrandF,249.32,2025-08-04 03:14:23
P052,Open Headphones,Electronics,BrandC,815.34,2025-08-04 03:14:23
P053,South Keyboard,Home Appliances,BrandA,0,2025-08-04 03:14:23
,Keep Webcam,Accessories,BrandH,292.89,2025-08-04 03:14:23
P055,Police Laptop,Home Appliances,BrandA,574.58,2025-08-04 03:14:23
P056,Pick Smartphone,Electronics,BrandB,399.96,2025-08-04 03:14:23
P057,Street Charger,Electronics,BrandA,48.52,2025-08-04 03:14:23
P058,Present Mouse,Electronics,BrandG,990.71,2025-08-04 03:14:23
P059,Draw Keyboard,Home Appliances,BrandA,374.67,2025-08-04 03:14:23
P060,Stand Laptop,Accessories,BrandH,272.88,2025-08-04 03:14:23
P061,,Accessories,BrandG,0,2025-08-04 03:14:23
P062,Husband Headphones,Electronics,BrandG,693.6,2025-08-04 03:14:23
P063,Little Tablet,Accessories,BrandD,565.28,2025-08-04 03:14:23
P064,When Charger,Home Appliances,BrandE,613.98,2025-08-04 03:14:23
P065,Level Keyboard,Accessories,BrandD,693.34,2025-08-04 03:14:23
P066,Finish Charger,Home Appliances,BrandG,820.19,2025-08-04 03:14:23
P067,Trade Webcam,Accessories,BrandE,749.87,2025-08-04 03:14:23
P068,Per Monitor,Electronics,BrandA,673.14,2025-08-04 03:14:23
P069,Laugh Tablet,Electronics,BrandC,412.84,2025-08-04 03:14:23
P070,Focus Laptop,Electronics,BrandD,539.8,2025-08-04 03:14:23
P071,Outside Laptop,Home Appliances,,194.45,2025-08-04 03:14:23
P072,Pressure Mouse,Home Appliances,BrandH,989.21,2025-08-04 03:14:23
P073,As Smartphone,,BrandC,733.81,2025-08-04 03:14:23
P074,Poor Monitor,Electronics,BrandG,828.72,2025-08-04 03:14:23
P075,Sister Monitor,Electronics,BrandE,389.74,2025-08-04 03:14:23
P076,Bit Mouse,Accessories,BrandD,71.5,2025-08-04 03:14:23
P077,Yourself Keyboard,Accessories,BrandB,642.32,2025-08-04 03:14:23
P078,Source Mouse,Home Appliances,BrandH,759.78,2025-08-04 03:14:23
P079,Despite Charger,Home Appliances,BrandF,87.32,2025-08-04 03:14:23
P080,Process Mouse,Accessories,BrandH,125.08,2025-08-04 03:14:23
P081,Development Charger,Home Appliances,,,2025-08-04 03:14:23
P082,Everything Monitor,Accessories,BrandB,54.84,2025-08-04 03:14:23
P083,Recent Laptop,Home Appliances,BrandG,188.18,2025-08-04 03:14:23
P084,Beat Webcam,Home Appliances,BrandG,89.45,2025-08-04 03:14:23
P085,,,BrandC,730.58,2025-08-04 03:14:23
P086,Education Charger,Home Appliances,BrandD,255.04,2025-08-04 03:14:23
,Consumer Headphones,Accessories,BrandA,248.26,2025-08-04 03:14:23
P088,Old Laptop,Home Appliances,BrandH,242.0,2025-08-04 03:14:23
P089,Bad Mouse,Accessories,BrandF,244.53,2025-08-04 03:14:23
,Close Tablet,Accessories,BrandG,560.29,2025-08-04 03:14:23
P091,Able Headphones,Electronics,BrandE,382.7,2025-08-04 03:14:23
P092,Issue Laptop,Accessories,BrandG,968.11,2025-08-04 03:14:23
P093,Little Mouse,,BrandD,61.02,2025-08-04 03:14:23
P094,Risk Charger,Electronics,BrandH,216.8,2025-08-04 03:14:23
P095,Phone Webcam,Electronics,BrandD,402.67,2025-08-04 03:14:23
P096,Many Mouse,Accessories,BrandH,471.34,2025-08-04 03:14:23
,Film Laptop,Accessories,BrandD,743.84,2025-08-04 03:14:23
P098,Alone Monitor,Home Appliances,BrandD,504.31,2025-08-04 03:14:23
P099,Each Webcam,Home Appliances,BrandC,735.44,2025-08-04 03:14:23
,Fight Laptop,,,840.68,2025-08-04 03:14:23
