supplier_id,supplier_name,email,city,created_timestamp
,Supplier1,contact@supplier1.com,Jacquelinemouth,2025-08-04 03:14:23
S002,Supplier2,contact@supplier2.com,,2025-08-04 03:14:23
S003,Supplier3,invalid_email,South Danny,2025-08-04 03:14:23
S004,Supplier4,contact@supplier4.com,Lake Edward,2025-08-04 03:14:23
S005,Supplier5,contact@supplier5.com,Margaretland,2025-08-04 03:14:23
S006,Supplier6,contact@supplier6.com,East Laurashire,2025-08-04 03:14:23
S007,Supplier7,contact@supplier7.com,Scottmouth,2025-08-04 03:14:23
S008,Supplier8,contact@supplier8.com,,2025-08-04 03:14:23
S009,Supplier9,contact@supplier9.com,Kimton,2025-08-04 03:14:23
,Supplier10,contact@supplier10.com,Navarroview,2025-08-04 03:14:23
S011,Supplier11,contact@supplier11.com,North Jeremyshire,2025-08-04 03:14:23
S012,Supplier12,contact@supplier12.com,Port Emilyview,2025-08-04 03:14:23
S013,Supplier13,contact@supplier13.com,Port Katelynfort,2025-08-04 03:14:23
,Supplier14,contact@supplier14.com,Moonburgh,2025-08-04 03:14:23
S015,Supplier15,contact@supplier15.com,Waltersfort,2025-08-04 03:14:23
S016,Supplier16,contact@supplier16.com,South Michaelmouth,2025-08-04 03:14:23
S017,Supplier17,contact@supplier17.com,Elizabethburgh,2025-08-04 03:14:23
S018,Supplier18,contact@supplier18.com,Robertfort,2025-08-04 03:14:23
S019,Supplier19,contact@supplier19.com,Elainefurt,2025-08-04 03:14:23
S020,Supplier20,contact@supplier20.com,South Christopherview,2025-08-04 03:14:23
S021,Supplier21,contact@supplier21.com,Darrellfurt,2025-08-04 03:14:23
S022,Supplier22,contact@supplier22.com,Lake Mollymouth,2025-08-04 03:14:23
S023,Supplier23,contact@supplier23.com,Brownhaven,2025-08-04 03:14:23
S024,Supplier24,contact@supplier24.com,Cindyfort,2025-08-04 03:14:23
S025,Supplier25,contact@supplier25.com,Wolfborough,2025-08-04 03:14:23
S026,,contact@supplier26.com,Andreaport,2025-08-04 03:14:23
S027,Supplier27,contact@supplier27.com,Gilmorefort,2025-08-04 03:14:23
S028,Supplier28,contact@supplier28.com,North Teresabury,2025-08-04 03:14:23
S029,Supplier29,contact@supplier29.com,West Andrea,2025-08-04 03:14:23
S030,Supplier30,contact@supplier30.com,Davisville,2025-08-04 03:14:23
,Supplier31,contact@supplier31.com,Valentineberg,2025-08-04 03:14:23
S032,Supplier32,contact@supplier32.com,Cantuport,2025-08-04 03:14:23
S033,Supplier33,contact@supplier33.com,Robertfort,2025-08-04 03:14:23
S034,Supplier34,contact@supplier34.com,Sanchezside,2025-08-04 03:14:23
S035,Supplier35,contact@supplier35.com,South James,2025-08-04 03:14:23
S036,Supplier36,contact@supplier36.com,Port Chad,2025-08-04 03:14:23
,Supplier37,contact@supplier37.com,Morganhaven,2025-08-04 03:14:23
S038,Supplier38,contact@supplier38.com,Loriport,2025-08-04 03:14:23
S039,Supplier39,contact@supplier39.com,Maryshire,2025-08-04 03:14:23
S040,Supplier40,contact@supplier40.com,Grimesmouth,2025-08-04 03:14:23
S041,Supplier41,,Reedside,2025-08-04 03:14:23
S042,Supplier42,contact@supplier42.com,Gibsonmouth,2025-08-04 03:14:23
S043,Supplier43,contact@supplier43.com,Lake John,2025-08-04 03:14:23
S044,Supplier44,contact@supplier44.com,Hallchester,2025-08-04 03:14:23
S045,Supplier45,contact@supplier45.com,West Juliefurt,2025-08-04 03:14:23
S046,Supplier46,contact@supplier46.com,Mcneilberg,2025-08-04 03:14:23
S047,Supplier47,contact@supplier47.com,Hannaberg,2025-08-04 03:14:23
S048,Supplier48,contact@supplier48.com,Mollymouth,2025-08-04 03:14:23
S049,Supplier49,contact@supplier49.com,New Reneetown,2025-08-04 03:14:23
S050,Supplier50,,South Monica,2025-08-04 03:14:23
,Supplier51,contact@supplier51.com,North Terrance,2025-08-04 03:14:23
S052,Supplier52,contact@supplier52.com,Matthewfurt,2025-08-04 03:14:23
S053,Supplier53,contact@supplier53.com,Port Markside,2025-08-04 03:14:23
S054,Supplier54,contact@supplier54.com,Finleyfort,2025-08-04 03:14:23
,Supplier55,contact@supplier55.com,New Caseyport,2025-08-04 03:14:23
S056,Supplier56,contact@supplier56.com,Lake Christopher,2025-08-04 03:14:23
S057,Supplier57,contact@supplier57.com,Port Cynthiaville,2025-08-04 03:14:23
S058,Supplier58,contact@supplier58.com,Jacksonport,2025-08-04 03:14:23
S059,Supplier59,contact@supplier59.com,North Markton,2025-08-04 03:14:23
S060,Supplier60,contact@supplier60.com,Michaelchester,2025-08-04 03:14:23
S061,Supplier61,contact@supplier61.com,East Amanda,2025-08-04 03:14:23
S062,Supplier62,contact@supplier62.com,East Gregory,2025-08-04 03:14:23
S063,Supplier63,contact@supplier63.com,Harveybury,2025-08-04 03:14:23
S064,Supplier64,contact@supplier64.com,Durhamberg,2025-08-04 03:14:23
S065,Supplier65,contact@supplier65.com,South Dana,2025-08-04 03:14:23
S066,Supplier66,contact@supplier66.com,Scotttown,2025-08-04 03:14:23
,Supplier67,contact@supplier67.com,Santanaside,2025-08-04 03:14:23
S068,Supplier68,contact@supplier68.com,North Scott,2025-08-04 03:14:23
S069,Supplier69,contact@supplier69.com,Vanessaport,2025-08-04 03:14:23
S070,Supplier70,contact@supplier70.com,Vaughnmouth,2025-08-04 03:14:23
S071,Supplier71,invalid_email,Jamesfurt,2025-08-04 03:14:23
S072,Supplier72,contact@supplier72.com,Rodriguezfurt,2025-08-04 03:14:23
S073,Supplier73,contact@supplier73.com,Baileyport,2025-08-04 03:14:23
S074,Supplier74,contact@supplier74.com,Port Dominiqueview,2025-08-04 03:14:23
S075,Supplier75,contact@supplier75.com,New Michelleton,2025-08-04 03:14:23
S076,Supplier76,contact@supplier76.com,Wallport,2025-08-04 03:14:23
S077,Supplier77,contact@supplier77.com,New Laurie,2025-08-04 03:14:23
S078,Supplier78,contact@supplier78.com,Lake James,2025-08-04 03:14:23
S079,Supplier79,contact@supplier79.com,Ericaberg,2025-08-04 03:14:23
S080,Supplier80,contact@supplier80.com,Lake Debbieport,2025-08-04 03:14:23
S081,Supplier81,contact@supplier81.com,Johnsonstad,2025-08-04 03:14:23
S082,Supplier82,contact@supplier82.com,North Renee,2025-08-04 03:14:23
,Supplier83,contact@supplier83.com,Julieburgh,2025-08-04 03:14:23
S084,Supplier84,contact@supplier84.com,East Kristin,2025-08-04 03:14:23
S085,Supplier85,contact@supplier85.com,Alyssaview,2025-08-04 03:14:23
S086,Supplier86,,West Robin,2025-08-04 03:14:23
S087,,contact@supplier87.com,Coffeyport,2025-08-04 03:14:23
S088,Supplier88,contact@supplier88.com,Lindamouth,2025-08-04 03:14:23
S089,Supplier89,contact@supplier89.com,East Karenbury,2025-08-04 03:14:23
,Supplier90,contact@supplier90.com,Coffeyside,2025-08-04 03:14:23
S091,Supplier91,contact@supplier91.com,Christopherfurt,2025-08-04 03:14:23
S092,Supplier92,contact@supplier92.com,West Amandamouth,2025-08-04 03:14:23
,Supplier93,contact@supplier93.com,Emilyview,2025-08-04 03:14:23
S094,Supplier94,contact@supplier94.com,Carsonstad,2025-08-04 03:14:23
S095,Supplier95,contact@supplier95.com,Lake Jesustown,2025-08-04 03:14:23
S096,Supplier96,contact@supplier96.com,Rosebury,2025-08-04 03:14:23
S097,Supplier97,contact@supplier97.com,Lake Madisonport,2025-08-04 03:14:23
S098,Supplier98,contact@supplier98.com,Wilsonton,2025-08-04 03:14:23
S099,Supplier99,contact@supplier99.com,West Wendyville,2025-08-04 03:14:23
S100,Supplier100,contact@supplier100.com,East Paigeberg,2025-08-04 03:14:23
